{
  "concurrency": 32,
  "repeat": 4,
  "p50_ms": 266.10659999999996,
  "p95_ms": 295.97210000000007,
  "n": 20
}